<?xml version="1.0" encoding="UTF-8"?>
<!DOCTYPE mapper PUBLIC "-//mybatis.org//DTD Mapper 3.0//EN" "http://mybatis.org/dtd/mybatis-3-mapper.dtd">
<mapper namespace="com.ms.mapper.RoleMapper">
    <!-- 根据角色ID删除sys_role_permission -->
    <delete id="deleteRolePermissionByRid">
		delete from sys_role_permission where rid=#{value}
	</delete>
    <!-- 根据角色ID删除sys_role_user -->
    <delete id="deleteRoleUserByRid">
		delete from sys_role_user where rid=#{value}
	</delete>

    <!-- 根据角色ID查询当前角色拥有的所有的权限或菜单ID -->
    <select id="queryRolePermissionIdsByRid" resultType="java.lang.Integer">
		select pid from sys_role_permission where rid=#{value}
	</select>

    <!-- 保存角色和菜单权限之间的关系 -->
    <insert id="saveRolePermission">
		insert into sys_role_permission(rid,pid) values(#{rid},#{pid})
	</insert>

    <!-- 根据用户ID删除用户角色中间表的数据 -->
    <delete id="deleteRoleUserByUid">
		delete from sys_role_user where uid =#{id}
	</delete>

    <!-- 查询当前用户拥有的角色ID集合 -->
    <select id="queryUserRoleIdsByUid" resultType="java.lang.Integer">
		select rid from sys_role_user where uid=#{id}
	</select>

    <!-- 保存角色和用户的关系 -->
    <insert id="insertUserRole">
		insert into sys_role_user(uid,rid) values(#{uid},#{rid})
	</insert>
</mapper>
